Comment,Designator,Footprint,LCSC Part #
"LC29HDAMD","U201","Quectel_LC29H_LCC-24_12.2x16.0mm","C20748061"
"B8389","FL301","SAW_RF360_SMD1411-5P_1.4x1.1mm","C5556161"
"CH340N","U401","SOIC-8_3.9x4.9mm_P1.27mm","C2977777"
"10uF","C101, C103, C201","C_0805_2012Metric","C15850"
"AP2112K-3.3","U101","SOT-23-5","C23380830"
"RF1256-000","D301","D_0603_1608Metric","C207186"
"5.1nH","L302, L303","L_0402_1005Metric","C408161"
"USB-C 16P","J101","USB_C_Receptacle_HRO_TYPE-C-31-M-12","C2765186"
"AO3401A","Q301","SOT-23","C15127"
"68nH","L301","L_0402_1005Metric","C108965"
"100nF","C102, C104, C106, C202, C204, C205, C305, C401, C402","C_0402_1005Metric","C1525"
"USBLC6-2SC6","D101","SOT-23-6","C2827654"
"u.FL","J301","U.FL_Hirose_U.FL-R-SMT-1_Vertical","C5137195"
"SD05","D103","D_SOD-323","C502527"
"4.7uF","C105","C_0603_1608Metric","C19666"
"MMBT3904","Q302, Q501","SOT-23","C20526"
"100pF","C301, C304","C_0402_1005Metric","C1546"
"BAT54C","D102, D104","SOT-23","C916424"
"GREEN 1PPS","D501","LED_0603_1608Metric","C12624"
"33pF","C107, C203","C_0402_1005Metric","C1562"
"RED","D105","LED_0603_1608Metric","C2286"
"10k","R201, R204, R212, R303, R304, R501","R_0402_1005Metric","C25744"
"1k","R103, R205, R502","R_0402_1005Metric","C11702"
"0R","R301, R401","R_0402_1005Metric","C17168"
"5.1k","R101, R102","R_0402_1005Metric","C25905"
"22R","R213","R_0402_1005Metric","C25092"
"100k","R202","R_0402_1005Metric","C25741"
"4.7k","R203","R_0402_1005Metric","C25900"
"10R","R302","R_0402_1005Metric","C25077"
